{
  "subassemblies": {
    "componentAnalyzer1": {
      "collectors": {
        "bp1": {
          "CSV": [
            [
              "2020-02-03T06:22:46.196Z",
              "1016.849976"
            ]
          ]
        },
        "ac1": {
          "CSV": [
            [
              "2020-02-03T06:22:45.318Z",
              "-0.081787",
              "0.005127",
              "1.017334"
            ],
            [
              "2020-02-03T06:22:45.319Z",
              "-0.045410",
              "0.027100",
              "1.003906"
            ],
            [
              "2020-02-03T06:22:45.385Z",
              "-0.067139",
              "-0.005859",
              "1.055176"
            ],
            [
              "2020-02-03T06:22:45.385Z",
              "-0.067871",
              "0.005615",
              "1.023926"
            ],
            [
              "2020-02-03T06:22:45.387Z",
              "-0.067871",
              "-0.035645",
              "1.048096"
            ],
            [
              "2020-02-03T06:22:45.453Z",
              "-0.037842",
              "-0.030273",
              "1.034668"
            ],
            [
              "2020-02-03T06:22:45.453Z",
              "-0.078369",
              "0.014160",
              "1.020752"
            ],
            [
              "2020-02-03T06:22:45.454Z",
              "-0.053711",
              "-0.042236",
              "1.034424"
            ],
            [
              "2020-02-03T06:22:45.520Z",
              "-0.089844",
              "-0.039795",
              "1.017578"
            ],
            [
              "2020-02-03T06:22:45.521Z",
              "-0.019287",
              "-0.025635",
              "1.041504"
            ],
            [
              "2020-02-03T06:22:45.588Z",
              "-0.069824",
              "-0.047363",
              "1.009766"
            ],
            [
              "2020-02-03T06:22:45.588Z",
              "-0.033447",
              "0.002197",
              "1.022217"
            ],
            [
              "2020-02-03T06:22:45.589Z",
              "-0.064941",
              "-0.010742",
              "1.037354"
            ],
            [
              "2020-02-03T06:22:45.655Z",
              "-0.087891",
              "-0.000977",
              "1.021484"
            ],
            [
              "2020-02-03T06:22:45.665Z",
              "-0.065430",
              "0.043457",
              "1.040771"
            ],
            [
              "2020-02-03T06:22:45.665Z",
              "-0.053467",
              "0.022217",
              "1.043945"
            ],
            [
              "2020-02-03T06:22:45.723Z",
              "-0.066895",
              "0.006104",
              "1.003418"
            ],
            [
              "2020-02-03T06:22:45.724Z",
              "-0.102295",
              "-0.019043",
              "1.000244"
            ],
            [
              "2020-02-03T06:22:45.790Z",
              "-0.071777",
              "-0.048340",
              "1.030518"
            ],
            [
              "2020-02-03T06:22:45.791Z",
              "-0.012939",
              "0.003662",
              "1.013672"
            ],
            [
              "2020-02-03T06:22:45.792Z",
              "-0.062012",
              "-0.023438",
              "1.041748"
            ],
            [
              "2020-02-03T06:22:45.858Z",
              "-0.049072",
              "0.015381",
              "1.030029"
            ],
            [
              "2020-02-03T06:22:45.858Z",
              "-0.105957",
              "0.000000",
              "1.059570"
            ],
            [
              "2020-02-03T06:22:45.860Z",
              "-0.034912",
              "-0.058105",
              "1.054443"
            ],
            [
              "2020-02-03T06:22:45.925Z",
              "-0.102783",
              "-0.017090",
              "1.031738"
            ],
            [
              "2020-02-03T06:22:45.926Z",
              "-0.080078",
              "-0.016846",
              "1.045166"
            ],
            [
              "2020-02-03T06:22:45.927Z",
              "-0.017822",
              "-0.004883",
              "1.060547"
            ],
            [
              "2020-02-03T06:22:45.993Z",
              "-0.069824",
              "-0.075684",
              "0.999023"
            ],
            [
              "2020-02-03T06:22:45.994Z",
              "-0.118896",
              "0.010986",
              "1.044678"
            ],
            [
              "2020-02-03T06:22:46.60Z",
              "-0.074707",
              "-0.035156",
              "1.036377"
            ],
            [
              "2020-02-03T06:22:46.61Z",
              "-0.068359",
              "0.007568",
              "1.031494"
            ],
            [
              "2020-02-03T06:22:46.62Z",
              "-0.151123",
              "-0.056396",
              "1.027832"
            ],
            [
              "2020-02-03T06:22:46.128Z",
              "-0.054199",
              "-0.045410",
              "1.036133"
            ],
            [
              "2020-02-03T06:22:46.129Z",
              "-0.045410",
              "-0.029785",
              "1.057861"
            ],
            [
              "2020-02-03T06:22:46.130Z",
              "-0.088867",
              "-0.022705",
              "1.012695"
            ],
            [
              "2020-02-03T06:22:46.195Z",
              "-0.082275",
              "-0.037354",
              "0.999756"
            ],
            [
              "2020-02-03T06:22:46.196Z",
              "-0.065430",
              "-0.049072",
              "1.073486"
            ],
            [
              "2020-02-03T06:22:46.263Z",
              "-0.039795",
              "-0.048584",
              "1.076172"
            ],
            [
              "2020-02-03T06:22:46.263Z",
              "-0.042969",
              "-0.073975",
              "1.056152"
            ],
            [
              "2020-02-03T06:22:46.264Z",
              "-0.113770",
              "-0.009521",
              "1.020752"
            ]
          ]
        },
        "mg1": {
          "CSV": [
            [
              "2020-02-03T06:22:45.318Z",
              "0.041504",
              "0.061768",
              "-0.051270"
            ],
            [
              "2020-02-03T06:22:45.319Z",
              "0.041504",
              "0.061768",
              "-0.047852"
            ],
            [
              "2020-02-03T06:22:45.385Z",
              "0.039795",
              "0.061035",
              "-0.049561"
            ],
            [
              "2020-02-03T06:22:45.386Z",
              "0.041260",
              "0.062012",
              "-0.048096"
            ],
            [
              "2020-02-03T06:22:45.387Z",
              "0.041016",
              "0.063477",
              "-0.052002"
            ],
            [
              "2020-02-03T06:22:45.453Z",
              "0.042480",
              "0.060059",
              "-0.052246"
            ],
            [
              "2020-02-03T06:22:45.453Z",
              "0.041260",
              "0.063232",
              "-0.045410"
            ],
            [
              "2020-02-03T06:22:45.454Z",
              "0.041016",
              "0.064697",
              "-0.046875"
            ],
            [
              "2020-02-03T06:22:45.520Z",
              "0.041260",
              "0.062500",
              "-0.052734"
            ],
            [
              "2020-02-03T06:22:45.521Z",
              "0.041260",
              "0.063721",
              "-0.050537"
            ],
            [
              "2020-02-03T06:22:45.588Z",
              "0.040771",
              "0.063232",
              "-0.048828"
            ],
            [
              "2020-02-03T06:22:45.588Z",
              "0.039307",
              "0.061768",
              "-0.049072"
            ],
            [
              "2020-02-03T06:22:45.589Z",
              "0.040039",
              "0.062500",
              "-0.047607"
            ],
            [
              "2020-02-03T06:22:45.655Z",
              "0.041504",
              "0.061768",
              "-0.052979"
            ],
            [
              "2020-02-03T06:22:45.665Z",
              "0.042969",
              "0.062012",
              "-0.052734"
            ],
            [
              "2020-02-03T06:22:45.665Z",
              "0.040039",
              "0.060791",
              "-0.048096"
            ],
            [
              "2020-02-03T06:22:45.723Z",
              "0.040771",
              "0.061279",
              "-0.048828"
            ],
            [
              "2020-02-03T06:22:45.724Z",
              "0.041504",
              "0.063477",
              "-0.047363"
            ],
            [
              "2020-02-03T06:22:45.790Z",
              "0.045654",
              "0.062256",
              "-0.052002"
            ],
            [
              "2020-02-03T06:22:45.791Z",
              "0.042725",
              "0.062256",
              "-0.047363"
            ],
            [
              "2020-02-03T06:22:45.792Z",
              "0.042969",
              "0.060059",
              "-0.046387"
            ],
            [
              "2020-02-03T06:22:45.858Z",
              "0.041016",
              "0.062744",
              "-0.046143"
            ],
            [
              "2020-02-03T06:22:45.858Z",
              "0.040771",
              "0.059082",
              "-0.047607"
            ],
            [
              "2020-02-03T06:22:45.860Z",
              "0.041016",
              "0.062256",
              "-0.048584"
            ],
            [
              "2020-02-03T06:22:45.925Z",
              "0.040771",
              "0.062012",
              "-0.052246"
            ],
            [
              "2020-02-03T06:22:45.926Z",
              "0.041016",
              "0.062744",
              "-0.047852"
            ],
            [
              "2020-02-03T06:22:45.927Z",
              "0.042236",
              "0.062256",
              "-0.047363"
            ],
            [
              "2020-02-03T06:22:45.993Z",
              "0.038818",
              "0.063721",
              "-0.051514"
            ],
            [
              "2020-02-03T06:22:45.994Z",
              "0.039551",
              "0.062012",
              "-0.048828"
            ],
            [
              "2020-02-03T06:22:46.60Z",
              "0.042236",
              "0.063965",
              "-0.051270"
            ],
            [
              "2020-02-03T06:22:46.61Z",
              "0.038818",
              "0.060791",
              "-0.048828"
            ],
            [
              "2020-02-03T06:22:46.62Z",
              "0.041260",
              "0.063232",
              "-0.047119"
            ],
            [
              "2020-02-03T06:22:46.128Z",
              "0.043701",
              "0.062500",
              "-0.052246"
            ],
            [
              "2020-02-03T06:22:46.129Z",
              "0.040771",
              "0.062500",
              "-0.049316"
            ],
            [
              "2020-02-03T06:22:46.130Z",
              "0.040039",
              "0.064941",
              "-0.049316"
            ],
            [
              "2020-02-03T06:22:46.195Z",
              "0.044434",
              "0.063477",
              "-0.052979"
            ],
            [
              "2020-02-03T06:22:46.196Z",
              "0.039307",
              "0.061768",
              "-0.047363"
            ],
            [
              "2020-02-03T06:22:46.263Z",
              "0.042480",
              "0.064941",
              "-0.052246"
            ],
            [
              "2020-02-03T06:22:46.263Z",
              "0.038818",
              "0.064941",
              "-0.052246"
            ],
            [
              "2020-02-03T06:22:46.264Z",
              "0.041016",
              "0.062256",
              "-0.049072"
            ]
          ]
        },
        "at1": {
          "CSV": [

          ]
        },
        "ir1": {
          "CSV": [
            [
              "2020-02-03T06:22:45.589Z",
              "15.406250",
              "24.593750"
            ]
          ]
        },
        "hy1": {
          "CSV": [
            [
              "2020-02-03T06:22:45.664Z",
              "76.141357"
            ],
            [
              "2020-02-03T06:22:46.129Z",
              "76.141357"
            ]
          ]
        },
        "gy1": {
          "CSV": [
            [
              "2020-02-03T06:22:45.318Z",
              "-0.235107",
              "0.023682",
              "-0.119873"
            ],
            [
              "2020-02-03T06:22:45.319Z",
              "-0.320801",
              "0.057129",
              "-0.027588"
            ],
            [
              "2020-02-03T06:22:45.385Z",
              "-0.180420",
              "0.049316",
              "-0.035645"
            ],
            [
              "2020-02-03T06:22:45.385Z",
              "-0.242676",
              "0.075195",
              "-0.015869"
            ],
            [
              "2020-02-03T06:22:45.387Z",
              "-0.278809",
              "0.031982",
              "-0.093506"
            ],
            [
              "2020-02-03T06:22:45.453Z",
              "-0.275146",
              "0.042236",
              "-0.056396"
            ],
            [
              "2020-02-03T06:22:45.453Z",
              "-0.186279",
              "0.036133",
              "-0.031006"
            ],
            [
              "2020-02-03T06:22:45.454Z",
              "-0.303955",
              "0.036621",
              "-0.066895"
            ],
            [
              "2020-02-03T06:22:45.520Z",
              "-0.228760",
              "0.062012",
              "-0.138672"
            ],
            [
              "2020-02-03T06:22:45.521Z",
              "-0.279541",
              "0.037109",
              "-0.091309"
            ],
            [
              "2020-02-03T06:22:45.587Z",
              "-0.333740",
              "0.001465",
              "-0.062988"
            ],
            [
              "2020-02-03T06:22:45.588Z",
              "-0.289062",
              "0.058594",
              "-0.142090"
            ],
            [
              "2020-02-03T06:22:45.589Z",
              "-0.261963",
              "0.012451",
              "-0.037109"
            ],
            [
              "2020-02-03T06:22:45.655Z",
              "-0.344238",
              "0.020264",
              "-0.064453"
            ],
            [
              "2020-02-03T06:22:45.665Z",
              "-0.281494",
              "0.063721",
              "-0.086914"
            ],
            [
              "2020-02-03T06:22:45.665Z",
              "-0.219238",
              "0.029785",
              "-0.053223"
            ],
            [
              "2020-02-03T06:22:45.723Z",
              "-0.301514",
              "0.036865",
              "-0.059570"
            ],
            [
              "2020-02-03T06:22:45.724Z",
              "-0.332520",
              "0.050781",
              "-0.093018"
            ],
            [
              "2020-02-03T06:22:45.790Z",
              "-0.220703",
              "0.005127",
              "-0.151855"
            ],
            [
              "2020-02-03T06:22:45.791Z",
              "-0.177734",
              "0.081055",
              "-0.109619"
            ],
            [
              "2020-02-03T06:22:45.792Z",
              "-0.287354",
              "0.053955",
              "-0.118164"
            ],
            [
              "2020-02-03T06:22:45.858Z",
              "-0.332275",
              "0.066895",
              "-0.089844"
            ],
            [
              "2020-02-03T06:22:45.858Z",
              "-0.315430",
              "0.041504",
              "-0.043457"
            ],
            [
              "2020-02-03T06:22:45.859Z",
              "-0.299561",
              "0.069336",
              "-0.067383"
            ],
            [
              "2020-02-03T06:22:45.925Z",
              "-0.294434",
              "0.018555",
              "-0.156006"
            ],
            [
              "2020-02-03T06:22:45.926Z",
              "-0.350342",
              "0.040283",
              "-0.104980"
            ],
            [
              "2020-02-03T06:22:45.927Z",
              "-0.287109",
              "0.061523",
              "-0.099121"
            ],
            [
              "2020-02-03T06:22:45.993Z",
              "-0.205566",
              "0.040771",
              "-0.094971"
            ],
            [
              "2020-02-03T06:22:45.994Z",
              "-0.294434",
              "0.047119",
              "-0.086914"
            ],
            [
              "2020-02-03T06:22:46.60Z",
              "-0.215332",
              "0.046875",
              "-0.069580"
            ],
            [
              "2020-02-03T06:22:46.61Z",
              "-0.350830",
              "0.045166",
              "-0.061523"
            ],
            [
              "2020-02-03T06:22:46.62Z",
              "-0.214600",
              "0.010986",
              "-0.027344"
            ],
            [
              "2020-02-03T06:22:46.128Z",
              "-0.247070",
              "0.030029",
              "-0.051025"
            ],
            [
              "2020-02-03T06:22:46.128Z",
              "-0.077148",
              "0.027832",
              "-0.016113"
            ],
            [
              "2020-02-03T06:22:46.130Z",
              "-0.232422",
              "0.022705",
              "-0.082275"
            ],
            [
              "2020-02-03T06:22:46.195Z",
              "-0.197998",
              "0.047119",
              "-0.141357"
            ],
            [
              "2020-02-03T06:22:46.196Z",
              "-0.193848",
              "0.073242",
              "-0.104980"
            ],
            [
              "2020-02-03T06:22:46.263Z",
              "-0.365234",
              "0.010498",
              "-0.099121"
            ],
            [
              "2020-02-03T06:22:46.263Z",
              "-0.264404",
              "0.077148",
              "-0.108154"
            ],
            [
              "2020-02-03T06:22:46.264Z",
              "-0.207275",
              "0.018311",
              "-0.090332"
            ]
          ]
        }
      }
    }
  },
  "header": {
    "manufacturer": "retrofit",
    "companyId": "5923ce31329bcf197c3e25e0",
    "assemblyId": "598d69619a74a2bb041d3f3d",
    "group": "24x7",
    "modelName": "componentAnalyzer_1576130998734",
    "zoneName": "GN4",
    "timestamp": "1580728966000000000",
    "companyName": "QCTest",
    "zoneId": "5df1d5baa57f5cbd227e7c8f",
    "gaugeDuration": 2,
    "assemblyName": "componentAnalyzer",
    "qc_profile": "null",
    "machineId": "machine-068379d0-1ca6-11ea-ab46-63824fce8989",
    "machineName": "testdeflect"
  }
}